{
  "type": "minecraft:add",
  "argument1": {
    "type": "minecraft:add",
    "argument1": {
      "type": "minecraft:add",
      "argument1": {
        "type": "minecraft:y_clamped_gradient",
          "from_value": 1.0,
          "from_y": -64,
          "to_value": 0.0,
          "to_y": 63
      },
      "argument2": {
        "type": "minecraft:y_clamped_gradient",
          "from_value": 0.0,
          "from_y": 64,
          "to_value": -2.0,
          "to_y": 2031
      }
    },
    "argument2": {
      "type": "minecraft:constant",
      "argument": 0.5
    }
  },
  "argument2": "minecraft:overworld_amplified/offset"
}